{"stats":{"minecraft:used":{"minecraft:stone_pickaxe":1,"minecraft:oak_planks":14,"minecraft:wooden_pickaxe":44,"minecraft:stone_axe":74,"minecraft:torch":1,"minecraft:dirt":3,"minecraft:crafting_table":3,"minecraft:furnace":1,"minecraft:cooked_beef":6},"minecraft:dropped":{"minecraft:wheat_seeds":1},"minecraft:custom":{"minecraft:time_since_rest":21142,"minecraft:interact_with_furnace":6,"minecraft:sprint_one_cm":58244,"minecraft:damage_taken":502,"minecraft:walk_one_cm":26154,"minecraft:mob_kills":13,"minecraft:drop":1,"minecraft:damage_dealt":1762,"minecraft:swim_one_cm":4613,"minecraft:interact_with_crafting_table":9,"minecraft:fly_one_cm":95602,"minecraft:open_chest":3,"minecraft:crouch_one_cm":63,"minecraft:play_time":21142,"minecraft:sneak_time":16,"minecraft:walk_under_water_one_cm":777,"minecraft:jump":448,"minecraft:walk_on_water_one_cm":4154,"minecraft:time_since_death":21142,"minecraft:total_world_time":21142,"minecraft:fall_one_cm":13622},"minecraft:killed":{"minecraft:skeleton":1,"minecraft:zombie":1,"minecraft:zombie_villager":1,"minecraft:spider":2,"minecraft:cow":7},"minecraft:picked_up":{"minecraft:charcoal":1,"minecraft:stick":3,"minecraft:crafting_table":3,"minecraft:leather":2,"minecraft:torch":1,"minecraft:oak_log":21,"minecraft:string":4,"minecraft:dirt":3,"minecraft:rotten_flesh":3,"minecraft:wheat_seeds":1,"minecraft:beef":13,"minecraft:sugar_cane":12,"minecraft:oak_planks":14,"minecraft:cobblestone":41,"minecraft:furnace":1},"minecraft:crafted":{"minecraft:cooked_beef":3,"minecraft:oak_planks":64,"minecraft:charcoal":5,"minecraft:crafting_table":1,"minecraft:stick":4,"minecraft:wooden_pickaxe":1,"minecraft:stone_pickaxe":1,"minecraft:furnace":1,"minecraft:torch":4,"minecraft:stone_axe":1,"minecraft:air":0},"minecraft:mined":{"minecraft:furnace":1,"minecraft:torch":1,"minecraft:crafting_table":3,"minecraft:short_grass":5,"minecraft:oak_log":21,"minecraft:dead_bush":5,"minecraft:dirt":3,"minecraft:tall_grass":1,"minecraft:stone":41,"minecraft:oak_planks":14,"minecraft:sugar_cane":9,"minecraft:oak_leaves":1}},"DataVersion":3955}