{"stats":{"minecraft:used":{"minecraft:stone_pickaxe":17,"minecraft:oak_planks":17,"minecraft:wooden_pickaxe":44,"minecraft:stone_axe":113,"minecraft:torch":1,"minecraft:dirt":3,"minecraft:crafting_table":3,"minecraft:furnace":2,"minecraft:cooked_beef":8},"minecraft:dropped":{"minecraft:wheat_seeds":1},"minecraft:custom":{"minecraft:time_since_rest":33142,"minecraft:interact_with_furnace":9,"minecraft:sprint_one_cm":90920,"minecraft:damage_taken":502,"minecraft:walk_one_cm":36234,"minecraft:mob_kills":19,"minecraft:drop":1,"minecraft:damage_dealt":2362,"minecraft:swim_one_cm":4613,"minecraft:interact_with_crafting_table":9,"minecraft:fly_one_cm":177323,"minecraft:open_chest":3,"minecraft:crouch_one_cm":468,"minecraft:play_time":33142,"minecraft:sneak_time":355,"minecraft:walk_under_water_one_cm":777,"minecraft:jump":773,"minecraft:walk_on_water_one_cm":4499,"minecraft:time_since_death":33142,"minecraft:total_world_time":33142,"minecraft:fall_one_cm":23056},"minecraft:killed":{"minecraft:skeleton":1,"minecraft:zombie":1,"minecraft:zombie_villager":1,"minecraft:spider":2,"minecraft:cow":13},"minecraft:picked_up":{"minecraft:charcoal":1,"minecraft:stick":6,"minecraft:crafting_table":3,"minecraft:cooked_beef":1,"minecraft:leather":6,"minecraft:torch":1,"minecraft:oak_log":21,"minecraft:cherry_log":21,"minecraft:string":4,"minecraft:dirt":3,"minecraft:rotten_flesh":3,"minecraft:wheat_seeds":1,"minecraft:beef":27,"minecraft:cherry_sapling":11,"minecraft:coal":24,"minecraft:sugar_cane":14,"minecraft:oak_planks":14,"minecraft:sunflower":1,"minecraft:cobblestone":43,"minecraft:furnace":2},"minecraft:crafted":{"minecraft:cooked_beef":5,"minecraft:oak_planks":64,"minecraft:charcoal":5,"minecraft:crafting_table":1,"minecraft:stick":4,"minecraft:wooden_pickaxe":1,"minecraft:stone_pickaxe":1,"minecraft:furnace":1,"minecraft:torch":4,"minecraft:stone_axe":1,"minecraft:air":0},"minecraft:mined":{"minecraft:furnace":2,"minecraft:cherry_log":21,"minecraft:torch":1,"minecraft:crafting_table":3,"minecraft:short_grass":6,"minecraft:coal_ore":13,"minecraft:oak_log":21,"minecraft:dead_bush":5,"minecraft:cherry_leaves":7,"minecraft:sunflower":1,"minecraft:dirt":3,"minecraft:tall_grass":1,"minecraft:stone":43,"minecraft:oak_planks":14,"minecraft:sugar_cane":15,"minecraft:oak_leaves":1}},"DataVersion":3955}