{"stats":{"minecraft:used":{"minecraft:stone_axe":8,"minecraft:crafting_table":1,"minecraft:wooden_pickaxe":44},"minecraft:custom":{"minecraft:time_since_rest":9142,"minecraft:open_chest":1,"minecraft:crouch_one_cm":63,"minecraft:play_time":9142,"minecraft:sprint_one_cm":8575,"minecraft:walk_one_cm":7802,"minecraft:sneak_time":16,"minecraft:walk_under_water_one_cm":546,"minecraft:jump":106,"minecraft:time_since_death":9142,"minecraft:walk_on_water_one_cm":1026,"minecraft:total_world_time":9142,"minecraft:swim_one_cm":406,"minecraft:interact_with_crafting_table":2,"minecraft:fall_one_cm":4296,"minecraft:fly_one_cm":26855},"minecraft:picked_up":{"minecraft:crafting_table":1,"minecraft:oak_log":16,"minecraft:dirt":3,"minecraft:cobblestone":41},"minecraft:crafted":{"minecraft:oak_planks":64,"minecraft:stone_axe":1,"minecraft:crafting_table":1,"minecraft:stick":4,"minecraft:wooden_pickaxe":1},"minecraft:mined":{"minecraft:oak_log":16,"minecraft:dirt":3,"minecraft:tall_grass":1,"minecraft:stone":41,"minecraft:crafting_table":1}},"DataVersion":3955}