{"stats":{"minecraft:used":{"minecraft:wooden_axe":27,"minecraft:wooden_pickaxe":7,"minecraft:dirt":4,"minecraft:crafting_table":2},"minecraft:mined":{"minecraft:crafting_table":2,"minecraft:grass":1,"minecraft:coal_ore":1,"minecraft:grass_block":2,"minecraft:oak_log":26,"minecraft:dirt":5,"minecraft:stone":3,"minecraft:oak_leaves":2},"minecraft:picked_up":{"minecraft:wooden_axe":1,"minecraft:stick":6,"minecraft:crafting_table":3,"minecraft:feather":2,"minecraft:chicken":2,"minecraft:oak_log":26,"minecraft:dirt":41,"minecraft:oak_sapling":2,"minecraft:oak_planks":83,"minecraft:coal":1,"minecraft:cobblestone":2},"minecraft:crafted":{"minecraft:oak_planks":92,"minecraft:crafting_table":1,"minecraft:stick":4,"minecraft:wooden_pickaxe":1,"minecraft:wooden_axe":1},"minecraft:killed_by":{"minecraft:spider":1},"minecraft:dropped":{"minecraft:oak_sapling":2},"minecraft:killed":{"minecraft:zombie":2,"minecraft:chicken":1},"minecraft:custom":{"minecraft:time_since_rest":459,"minecraft:sprint_one_cm":20191,"minecraft:damage_taken":500,"minecraft:walk_one_cm":17762,"minecraft:mob_kills":3,"minecraft:drop":1,"minecraft:damage_dealt":460,"minecraft:interact_with_crafting_table":2,"minecraft:fly_one_cm":13189,"minecraft:crouch_one_cm":88,"minecraft:play_time":14319,"minecraft:deaths":2,"minecraft:sneak_time":272,"minecraft:jump":89,"minecraft:time_since_death":430,"minecraft:total_world_time":14319,"minecraft:fall_one_cm":2549}},"DataVersion":3465}