{"stats":{"minecraft:used":{"minecraft:wooden_axe":54,"minecraft:apple":1,"minecraft:wooden_pickaxe":29,"minecraft:sandstone":4,"minecraft:dirt":7,"minecraft:crafting_table":5,"minecraft:oak_sapling":1,"minecraft:oak_boat":1},"minecraft:mined":{"minecraft:jungle_leaves":1,"minecraft:crafting_table":5,"minecraft:grass":4,"minecraft:coal_ore":1,"minecraft:grass_block":4,"minecraft:oak_log":38,"minecraft:dirt":6,"minecraft:stone":25,"minecraft:sugar_cane":2,"minecraft:oak_leaves":4},"minecraft:picked_up":{"minecraft:wooden_axe":1,"minecraft:stick":6,"minecraft:crafting_table":6,"minecraft:sandstone":4,"minecraft:feather":2,"minecraft:chicken":2,"minecraft:porkchop":9,"minecraft:oak_log":38,"minecraft:spider_eye":1,"minecraft:string":2,"minecraft:dirt":44,"minecraft:rotten_flesh":1,"minecraft:apple":1,"minecraft:wheat_seeds":1,"minecraft:oak_boat":1,"minecraft:oak_sapling":3,"minecraft:sugar_cane":3,"minecraft:mutton":3,"minecraft:oak_planks":83,"minecraft:coal":1,"minecraft:white_wool":2,"minecraft:cobblestone":24},"minecraft:crafted":{"minecraft:oak_boat":1,"minecraft:oak_planks":152,"minecraft:crafting_table":2,"minecraft:stick":8,"minecraft:wooden_pickaxe":2,"minecraft:wooden_axe":2},"minecraft:killed_by":{"minecraft:spider":1},"minecraft:dropped":{"minecraft:wheat_seeds":1,"minecraft:oak_sapling":2},"minecraft:killed":{"minecraft:sheep":2,"minecraft:zombie":3,"minecraft:pig":4,"minecraft:chicken":1,"minecraft:spider":1},"minecraft:custom":{"minecraft:time_since_rest":12459,"minecraft:sprint_one_cm":37693,"minecraft:damage_taken":750,"minecraft:walk_one_cm":32140,"minecraft:mob_kills":11,"minecraft:drop":2,"minecraft:damage_dealt":1351,"minecraft:swim_one_cm":12043,"minecraft:interact_with_crafting_table":7,"minecraft:fly_one_cm":32001,"minecraft:crouch_one_cm":88,"minecraft:play_time":26319,"minecraft:deaths":2,"minecraft:sneak_time":272,"minecraft:walk_under_water_one_cm":1333,"minecraft:boat_one_cm":72414,"minecraft:jump":245,"minecraft:walk_on_water_one_cm":4761,"minecraft:time_since_death":12430,"minecraft:climb_one_cm":758,"minecraft:total_world_time":26319,"minecraft:fall_one_cm":4530}},"DataVersion":3465}