{"stats":{"minecraft:used":{"minecraft:diorite":3,"minecraft:stone_shovel":196,"minecraft:stone_pickaxe":179,"minecraft:oak_planks":17,"minecraft:chest":3,"minecraft:wooden_pickaxe":44,"minecraft:torch":4,"minecraft:dirt":118,"minecraft:crafting_table":4,"minecraft:stone_axe":142,"minecraft:furnace":3,"minecraft:cooked_beef":12},"minecraft:broken":{"minecraft:stone_pickaxe":1,"minecraft:stone_axe":1,"minecraft:stone_shovel":1},"minecraft:dropped":{"minecraft:wheat_seeds":7,"minecraft:dandelion":1},"minecraft:custom":{"minecraft:interact_with_furnace":13,"minecraft:mob_kills":28,"minecraft:interact_with_crafting_table":16,"minecraft:time_since_death":57142,"minecraft:sleep_in_bed":2,"minecraft:time_since_rest":1761,"minecraft:sprint_one_cm":126378,"minecraft:damage_taken":702,"minecraft:walk_one_cm":81564,"minecraft:drop":5,"minecraft:damage_dealt":3683,"minecraft:swim_one_cm":4613,"minecraft:fly_one_cm":265520,"minecraft:open_chest":6,"minecraft:crouch_one_cm":660,"minecraft:play_time":57142,"minecraft:sneak_time":417,"minecraft:walk_under_water_one_cm":777,"minecraft:jump":1237,"minecraft:walk_on_water_one_cm":4499,"minecraft:total_world_time":57142,"minecraft:fall_one_cm":30855},"minecraft:killed":{"minecraft:zombie_villager":1,"minecraft:spider":4,"minecraft:skeleton":1,"minecraft:zombie":4,"minecraft:cow":17},"minecraft:picked_up":{"minecraft:charcoal":1,"minecraft:crafting_table":3,"minecraft:cooked_beef":1,"minecraft:leather":10,"minecraft:oak_log":27,"minecraft:dirt":197,"minecraft:string":5,"minecraft:raw_copper":32,"minecraft:wheat_seeds":7,"minecraft:beef":35,"minecraft:sugar_cane":14,"minecraft:chest":1,"minecraft:oak_planks":14,"minecraft:furnace":2,"minecraft:raw_iron":10,"minecraft:stick":6,"minecraft:torch":1,"minecraft:dandelion":1,"minecraft:cherry_log":21,"minecraft:diorite":33,"minecraft:spider_eye":1,"minecraft:rotten_flesh":8,"minecraft:granite":15,"minecraft:cherry_sapling":11,"minecraft:coal":25,"minecraft:cobblestone":137,"minecraft:sunflower":1},"minecraft:crafted":{"minecraft:cooked_beef":11,"minecraft:oak_planks":64,"minecraft:stone_shovel":2,"minecraft:crafting_table":1,"minecraft:wooden_pickaxe":1,"minecraft:furnace":1,"minecraft:stone_axe":2,"minecraft:air":0,"minecraft:charcoal":5,"minecraft:stick":12,"minecraft:stone_pickaxe":2,"minecraft:chest":2,"minecraft:torch":4},"minecraft:mined":{"minecraft:cherry_log":21,"minecraft:dandelion":1,"minecraft:crafting_table":3,"minecraft:torch":1,"minecraft:granite":15,"minecraft:short_grass":20,"minecraft:grass_block":128,"minecraft:chest":1,"minecraft:dead_bush":5,"minecraft:copper_ore":8,"minecraft:tall_grass":1,"minecraft:sugar_cane":15,"minecraft:oak_planks":14,"minecraft:diorite":33,"minecraft:furnace":2,"minecraft:iron_ore":10,"minecraft:oak_log":27,"minecraft:coal_ore":14,"minecraft:cherry_leaves":7,"minecraft:sunflower":1,"minecraft:dirt":69,"minecraft:stone":137,"minecraft:oak_leaves":1}},"DataVersion":3955}