{"stats":{"minecraft:used":{"minecraft:stone_shovel":195,"minecraft:stone_pickaxe":17,"minecraft:oak_planks":17,"minecraft:chest":3,"minecraft:wooden_pickaxe":44,"minecraft:stone_axe":120,"minecraft:torch":3,"minecraft:dirt":117,"minecraft:crafting_table":4,"minecraft:furnace":3,"minecraft:cooked_beef":9},"minecraft:broken":{"minecraft:stone_shovel":1,"minecraft:stone_axe":1},"minecraft:dropped":{"minecraft:wheat_seeds":7,"minecraft:dandelion":1},"minecraft:custom":{"minecraft:time_since_rest":11156,"minecraft:interact_with_furnace":10,"minecraft:sprint_one_cm":107081,"minecraft:damage_taken":520,"minecraft:walk_one_cm":65758,"minecraft:mob_kills":19,"minecraft:drop":5,"minecraft:damage_dealt":2362,"minecraft:swim_one_cm":4613,"minecraft:interact_with_crafting_table":13,"minecraft:fly_one_cm":220017,"minecraft:open_chest":4,"minecraft:crouch_one_cm":660,"minecraft:play_time":45142,"minecraft:sneak_time":417,"minecraft:walk_under_water_one_cm":777,"minecraft:jump":945,"minecraft:walk_on_water_one_cm":4499,"minecraft:time_since_death":45142,"minecraft:sleep_in_bed":1,"minecraft:total_world_time":45142,"minecraft:fall_one_cm":25748},"minecraft:killed":{"minecraft:skeleton":1,"minecraft:zombie":1,"minecraft:zombie_villager":1,"minecraft:spider":2,"minecraft:cow":13},"minecraft:picked_up":{"minecraft:charcoal":1,"minecraft:stick":6,"minecraft:crafting_table":3,"minecraft:cooked_beef":1,"minecraft:leather":6,"minecraft:torch":1,"minecraft:dandelion":1,"minecraft:oak_log":27,"minecraft:cherry_log":21,"minecraft:string":4,"minecraft:dirt":195,"minecraft:rotten_flesh":3,"minecraft:wheat_seeds":7,"minecraft:beef":27,"minecraft:cherry_sapling":11,"minecraft:chest":1,"minecraft:coal":24,"minecraft:sugar_cane":14,"minecraft:oak_planks":14,"minecraft:sunflower":1,"minecraft:cobblestone":43,"minecraft:furnace":2},"minecraft:crafted":{"minecraft:cooked_beef":5,"minecraft:oak_planks":64,"minecraft:stone_shovel":2,"minecraft:charcoal":5,"minecraft:crafting_table":1,"minecraft:stick":8,"minecraft:wooden_pickaxe":1,"minecraft:stone_pickaxe":1,"minecraft:chest":2,"minecraft:furnace":1,"minecraft:torch":4,"minecraft:stone_axe":1,"minecraft:air":0},"minecraft:mined":{"minecraft:furnace":2,"minecraft:cherry_log":21,"minecraft:dandelion":1,"minecraft:torch":1,"minecraft:crafting_table":3,"minecraft:grass_block":128,"minecraft:short_grass":17,"minecraft:coal_ore":13,"minecraft:oak_log":27,"minecraft:chest":1,"minecraft:dead_bush":5,"minecraft:cherry_leaves":7,"minecraft:sunflower":1,"minecraft:dirt":67,"minecraft:tall_grass":1,"minecraft:stone":43,"minecraft:oak_planks":14,"minecraft:sugar_cane":15,"minecraft:oak_leaves":1}},"DataVersion":3955}